,title
0,Junior Business Analyst
1,Business Analyst
2,Business Analyst
3,Business Analyst Intern
4,Business Analyst
5,Entry Level Business Analyst
6,Entry Level Business Analyst
7,Entry Level Business Analyst
8,Entry Level Business Analyst
9,Entry Level Business Analyst
10,Entry Level Business Analyst
11,Junior Business Analyst
12,Business Analyst
13,Business Analyst
14,Business Analyst - UAT
15,Business Analyst
16,"Business Analyst (Troy, MI)"
17,Business Analyst I
18,Business Systems Analyst
19,Business Solution Analyst (WPS)
20,IT Business Analyst
21,IT Business Analyst
22,Entry Level Business Analyst
23,Business Analyst I
24,Business Analyst
25,Business Analyst
26,Business Analyst - online Boot-camp
27,Junior Business Analyst
28,Business Analyst
29,Business Analyst Assistant
30,Business Analyst
31,Business Analyst
32,Business Analyst
33,Senior Business Operations Analyst
34,Project Management/Business Analyst
35,Business Analyst
36,IT Business Analyst
37,Business Analyst
38,BUSINESS DATA ANALYST
39,Information Systems/Business Analyst I
40,Junior Business Analyst
41,Business Analyst
42,CSNA Business Analyst
43,Business Analyst
44,Business Analyst
45,Salesforce Business Analyst-Tester I
46,FIRST Business Analyst
47,Business Analyst
48,Business Analyst - GEM Digital Excellence
49,Business Analyst
50,Business Analyst
51,Business Analyst
52,Operations Business Analyst
53,Business Analyst
54,Business Analyst/Apprentice Business Analyst
55,Business Analyst
56,Business Analyst / Project Manager
57,Healthcare Business Analyst Senior
58,ERP Business Analyst
59,Business Analyst
60,Business Analyst
61,Associate Business Analyst
62,Business Analyst
63,Business Analyst/Product Owner
64,Business Analyst I (Operations)
65,Business Analyst
66,Business Analyst
67,Business Analyst (Entry Level)
68,Sales- Business Analyst
69,Business Analyst
70,AWARE Business Analyst
71,Business Analyst II
72,Salesforce Admin / Business Analyst
73,IT Quality-Analyst Tester/ IT Business Analyst
74,Business Analyst
75,Business Analyst (Healthcare Experience)
76,Business Intelligence Analyst
77,Senior Business Analyst
78,Product Owner Analyst
79,Business Analyst
80,Business Analyst I
81,Business Analyst
82,Position Business Analyst II
83,Business Analyst I (EDI)
84,Business Analyst
85,Business Analyst
86,Business Analyst
87,Business Analyst/Quality Analyst
88,JR. BUSINESS ANALYST
89,Senior Business Analyst
90,IT Business Analyst - Supply Chain
91,Project Manager/ Business Analyst
92,Health Informatics Business Analyst - FDA/OSE
93,Business Analyst
94,Software Business Analyst
95,JR. BUSINESS ANALYST
96,Business Analyst
97,Business Analyst
98,Business Analyst- Private Equity
99,Business Analyst
100,Salesforce Business Analyst
101,Junior Business Analyst
102,Business Analyst
103,Business Analyst
104,Business Analyst
105,Sr. Business Intelligence Analyst - Supply Chain
106,Business Analyst
107,Guidewire ClaimCenter Business Analyst
108,Business Analyst
109,Business Analyst
110,Technology - Business Analyst Intern - Summer 2019
111,Business Analyst
112,Business Analyst
113,ERA Business Analyst
114,Technical Business Analyst
115,Care Business Analyst I
116,Business Analyst
117,Business Analyst
118,"Business Analyst, Atlanta, GA"
119,Software Business Analyst
120,Regional Business Analyst
121,Business Analyst - Agile Software/Big Data Development
122,Business Analyst IT
123,Business Analyst
124,Business Analyst - SAP
125,Magento Business Analyst
126,HR Data Business Analyst
127,Business Analyst CyberArk
128,RPA Business Analyst
129,Business Analyst
130,Software Business Analyst
131,Business Analyst Intern (Summer 2019)
132,Business Analyst (CBR)
133,Business Analyst - Entry Level College Grad
134,Business Analyst
135,Jr. Business Analyst / Tester
136,Info Sys Business Analyst II
137,Business Analyst
138,Business Analyst - Software Development
139,Senior Business Analyst
140,Jr. Business Analyst / Tester
141,ALM Business Analyst - Hiring on US Citizen on W2
142,GumGum Sports Business Analyst
143,Entry Level Business Analyst
144,Business Analyst - Entry Level
145,Business Analyst Associate
146,IT Business Analyst
147,Mid-level Business Analyst - LTSS MD
148,Junior Business Analyst
149,Business Analyst
150,Senior Business Analyst
151,Allscripts Business Analyst
152,WMS – Business Analyst
153,Business Analyst
154,"Business Systems Analyst, Surety"
155,Business Analyst/QA Analyst/Data Analyst
156,Business Analyst
157,Business Analyst
158,BPM Business Analyst
159,Senior Business Analyst
160,Business Analyst
161,Business Analyst 3-Ops
162,HR Business Analyst
163,Business Analyst
164,Business Analyst
165,Business Analyst - GEM Digital Excellence
166,Business Systems Analyst
167,JR Software Product Owner/Analyst
168,Senior Business Analyst
169,IT Business Analyst - Supply Chain
170,Business Analyst w/ Secret Clearance
171,Business Analyst
172,Business Analyst
173,Business Systems Analyst
174,Legal Business Analyst
175,Business Analyst
176,Business Analyst
177,CMHQ- BUSINESS ANALYST
178,Business Analyst
179,Business Analyst
180,BUSINESS ANALYST - UNCPN ADMINISTRATION
181,"Business Analyst, Consumer Insight"
182,SSGX: Business Analyst - Vice President-1
183,Business Analyst
184,BUSINESS ANALYST - Revenue Cycle Management
185,Business Analyst
186,Business Analyst - Concrete
187,Business Analyst/ Data Analyst/ Quality Analyst
188,BUSINESS SYSTEMS ANALYST
189,Sales Business Analyst
190,Business Analyst
191,Scrum Master/Business Analyst
192,Project Manager/ Business Analyst
193,Allscripts Business Analyst
194,Passionate HR Operations Business Analyst ($40-$50 an hour!)
195,Business Analyst
196,Digital Business Analyst
197,Business Analyst
198,Business Analyst - Retail Sales
199,Business Analyst (Distribution and Finance)
200,Business Analyst
201,Business Analyst
202,Business Analyst
203,ASSOCIATE BUSINESS ANALYST - Operations Research
204,"Business Analyst, Prime Now"
205,Business Analyst
206,Business Analyst
207,Business Analyst
208,Business Analyst - Healthcare
209,Business Analyst - Software Development
210,Senior Business Analyst/Project Manager - VP
211,Business Analyst
212,Business Analyst
213,Business Analyst
214,Business Analyst
215,Business Analyst
216,Business Analyst
217,Business System Analyst I
218,Business Analyst - Bureau of Laboratories
219,"Business Analyst(EAD-GC,GC,USC)"
220,Business Analyst
221,Business Analyst
222,Reporting Analyst
223,Allscripts Business Analyst
224,Junior Business Analyst
225,Product Business Analyst
226,"Senior Business Analyst, Contracts and Regulatory Oversight"
227,Enterprise Analyst (ArcGIS Server/Portal)
228,Senior Business Analyst
229,"Sr. Actuarial Business Analyst, Cross Lines Reserving - Nati..."
230,Business Analyst
231,Business Analyst - Design
232,MUSCP - Business Analyst
233,Business Analyst
234,Business Analyst
235,Senior Business Analyst
236,Business Analyst
237,Social Responsibility (Sustainability) Business Analyst
238,Business Analyst
239,Business Analyst - Equity Swaps : short term contract
240,JE-OPETS SETA positions
241,Business Technical Analyst
242,"Business Analyst, Compliance and Risk Diligence"
243,Business Analyst - ADBK27809
244,"Business Analyst, Google Fiber Mission Controls"
245,XaaS Scrum Team Business Analyst
246,Business Analyst (AHR5)
247,Business Analyst
248,Business Analyst
249,Business Analyst
250,Business Analyst
251,Business Analyst
252,ERP Business Analyst
253,Healthcare Business Analyst
254,Technical Business Analyst
255,BUSINESS ANALYST - Aerospace Manufacturing
256,Senior Business Analyst
257,BUSINESS ANALYST-MULTIPLE LOCATIONS
258,Senior IT Business Analyst/Project Manager
259,Requirements Analyst / Business Analyst
260,Business Analyst
261,2019 Associate Business Analyst
262,Business Analyst
263,Business Analyst
264,Business Analyst
265,Business Analyst
266,Business Analyst
267,Business Analyst Positions
268,Business Analyst
269,Business Analyst
270,Business Analyst
271,Software Business Analyst
272,Business Analyst
273,Jr Business Analyst-ILD
274,Regulatory Business Analyst
275,Business Analyst
276,Sr ACES Business Analyst
277,Associate Business Analyst
278,Business Analyst - 20033717 & 20043210
279,Business Analyst - Sanction Screening
280,Business Analyst
281,Project coordinator/ Business analyst 1+years experience nee...
282,Business Analyst
283,Data Integration Specialist/Data Analyst
284,Epic Revenue Cycle Business Analyst LEVEL III
285,IT Business Analyst - Operations
286,Sr Business Systems Analyst
287,Business Analyst (Agile)
288,Business Analyst - (PMO) Project Management Office
289,Business Analyst
290,Requirements Analyst / Business Analyst
291,Business Analyst
292,Business Analyst
293,Software Business Analyst
294,Business Analyst at SmartX
295,Surgical Business Analyst | Full Time
296,Summer 2019 Business Analyst Internship
297,Business Analyst
298,Business Analyst
299,Senior Business Analyst
300,Salesforce Business Analyst
301,Sr. Business Analyst Consultant w/SaaS implementation exp/No...
302,Business Analyst
303,Business Analyst
304,Business Analyst
305,Technical Business Analyst
306,Business Systems Analyst
307,Business Analyst - 20033717 & 20043210
308,Business Analyst
309,Business Analyst (AHR5)
310,Business Analyst
311,Business Analyst
312,Business Analyst
313,IT Business System Analyst II
314,BUSINESS ANALYST
315,Business Analyst
316,Business Analyst
317,Business Analyst
318,Business Analyst
319,HR Business Analyst
320,Business Analyst
321,Business Analyst
322,Business Analyst (Full Time) - United States
323,"Business Analyst, Google Fiber Mission Controls"
324,Engineering Business Analyst
325,Senior IT Business Analyst/Project Manager
326,Business Analyst / Data Analyst
327,Retail Servicing Product Owner
328,R&D Business Analyst
329,IT Systems Analyst
330,"Senior Analyst or Principal Business Analyst, Talent Analyti..."
331,FP&A / Financial Reporting Business Analyst
332,Apprentice Business Analyst
333,Business Analyst
334,Business Analyst
335,CRM Business Analyst
336,Sr ACES Business Analyst
337,Business Growth Analyst (f/m)
338,Business Analyst - Entry Level
339,Business Analyst
340,Business Analyst - Student Data Management
341,Business Analyst
342,Senior Business Analyst/Product Owner
343,Business Analyst- IT Systems
344,Business Analyst
345,Business Analyst
346,Jr Business Analyst
347,Jr. Business Analyst (Clearable Candidates Only)
348,"Business Analyst - Entry (Plano, Texas)"
349,Business Analyst
350,Business Systems Analyst(BSA)
351,Fircosoft Business Analyst
352,EMR Business Analyst
353,Business Analyst
354,Business Analyst-Intermediate
355,Business Analyst - Core Optimization
356,Business Analyst - applications
357,Lead Business Analyst
358,Product Manager - Early stage Fintech SaaS for Ag
359,Market Research Analyst
360,Product Specialist
361,Associate Business Analyst
362,Summer 2019 Customer Value - Business Analyst Internship
363,Business Analyst
364,Business Analyst
365,Junior Business Analyst
366,Business Analyst
367,Associate Technical Business Analyst - College Graduate Prog...
368,Retail and Online Business Analyst
369,Operational Business Analyst
370,Business Analyst
371,Operations Administrator
372,Business Analyst
373,Business Analyst
374,"Business Analyst, Portfolio Management System"
375,Entry-Level Business Analyst
376,Business Analyst
377,Business Analyst - Lane Bryant
378,Business Analyst I
379,Salesforce Business Analyst
380,Manufacturing Business Analyst
381,Business Analyst I
382,Software Systems / Business Analyst
383,"Senior Actuarial Business Analyst - Reserving, Global Risk S..."
384,FP&A / Business Analyst
385,Business Analyst: Production Technology
386,Business analyst
387,Business Analyst
388,Business Analyst
389,Business Analyst
390,"Business Analyst, Seller Experience"
391,Jr. Business Analyst
392,Business Analyst
393,Junior Business Analyst
394,Business Analyst
395,Senior Business Analyst
396,"EDGM Business Analyst, Officer"
397,Business Analyst/QA
398,Business Analyst
399,Customer Business Analyst
400,FACT TEAM BUSINESS ANALYST
401,BUSINESS ANALYST- ENTRY LEVEL
402,Business Analyst
403,Business Analyst
404,Business Analyst (Intern) - United States
405,Business Analyst
406,Business Analyst
407,Sr. Business Analyst Eagle Pace
408,Business Analyst
409,Business Analyst
410,Business Analyst
411,Business Administrator - Data Analyst
412,Business Analyst
413,Business Analyst
414,"Business Analyst (CES - Asheboro, NC)"
415,Business Analyst - MDM
416,Business Analyst
417,Business Analyst
418,NetSuite Business / Systems Analyst
419,Business Analyst - Cash Management
420,Sr. Business Intelligence Analyst
421,Jr - Mid Level Business Analyst
422,Business Analyst Security/Compliance
423,Business Analyst
424,Business Analyst
425,P&A Business Analyst
426,Business Analyst
427,"Business Analyst, Velocity"
428,Entry-Level Business Analyst
429,Business Analyst
430,Business Analyst
431,SR SAP BUSINESS ANALYST – BI & PORTAL (LZP00615)
432,Senior QA Analyst
433,"Business Analyst, BHMG Cardiology Support Services, FT 08:30..."
434,Business Analyst - with voluntary benefits experience
435,"IT Business Analyst, Library Systems and Integration Support"
436,Business Analyst
437,Business Analyst
438,Business Analyst
439,Business Analyst 2
440,Business Analyst
441,Jr. Business Analyst V (Job 2255)
442,Sales Operations Business Analyst
443,Guidewire Business Analyst
444,Business Analyst
445,System Business Analysist
446,Business Analyst
447,Business Analyst (Financial)
448,Associate Business Process Analyst
449,Business Analyst
450,Entry Level Business Analyst
451,Business Analyst
452,Business Analyst
453,Business Analyst 2
454,BUSINESS ANALYST
455,Entry Level Associate Software Engineer/Business Analyst
456,Associate Business Analyst
457,"LMS IT Business Analyst with Kenexa Experiance @ Memphis, TN"
458,Test Automation Engineer
459,Business Analyst
460,Business Analyst
461,Junior Business Analyst
462,HR Business Analyst
463,Business Analyst
464,Business Analyst
465,Financial or Business Analyst Intermediate
466,Business Analyst I
467,Business Analyst
468,Business Analyst
469,Project Manager/Sr. Consultant
470,Business Management Specialist
471,Senior Business Analyst
472,Sales - Management Consulting Services
473,Business Analyst (Tax Systems)
474,FBA Business Analyst
475,Business Analyst - Madison WI
476,Business Analyst
477,Associate Business Analyst / Executive Admin
478,Business Analyst
479,"BUSINESS ANALYST (Shreveport, LA Based)"
480,Provider Contracting Business Analyst
481,System Analyst / Business Analyst
482,Business Analyst
483,Project Manager
484,Accounting Business Analyst
485,QA Analyst (Business Analyst 1 OE)
486,Business Analyst (Attendance Analyst)
487,Business Analyst I - Business Operations
488,Remediation Project Manager/ Business Analyst
489,Recruiting Business Analyst
490,Business Analyst
491,Business Analyst
492,Payroll Business Analyst - Domestic
493,Business Analyst - Healthcare
494,Business Analyst
495,Business Analyst with Document Composition/Print Development
496,Junior Business Analyst
497,Business Analyst
498,Business Analyst
499,Business Analyst (AAA)
500,Business Analyst - Business Analysis & Reporting - Lakeland
501,Business Analyst Intern
502,Ecommerce Business Analyst - 8/15/2018
503,Business Analyst
504,Business Analyst
505,Global Jeep and Ram Business Analyst
506,Business Analyst
507,Sr. Business Analyst
508,Assoc Apps Business Analyst
509,Marketing Business Analyst
510,IT Business Analyst
511,Business Analyst I
512,eCommerce Business Analyst (8816714)
513,Business Analyst
514,Business Analyst I
515,Business Analyst
516,Business Analyst - PLM Process: 18-03788
517,Business Analyst
518,Sales Business Analyst
519,State Filing Business Analyst
520,Business Analyst
521,Business Analyst (Remote)
522,Business Analyst (IS Dept)
523,Business Analyst
524,Customer Success Business Analyst
525,Sales Force Business Analyst
526,Entry Level Business Analyst
527,Business Analyst
528,EDI Business Analyst
529,Business Analyst
530,WW Business Analyst
531,Business Analyst
532,Office Manager/Business Analyst
533,Business Systems Analyst
534,Entry Level HRIS Business Analyst
535,"BUSINESS ANALYST, RISK ADVISORY"
536,Business Analyst
537,Business Analyst
538,Business Analyst
539,"Business Analyst, Data Implementation"
540,MES Business Analyst
541,Business Analyst
542,"Business Analyst I , Product Development"
543,Business Analyst/PM
544,Business Analyst
545,Business Analyst - Chicago
546,Business Analyst
547,"Research Analyst Intern, business analyst"
548,Business Analyst
549,Business Analyst
550,Campus Recruiting 2019 - Business Analyst
551,HR Business Analyst
552,Business Systems Analyst
553,Talent Acquisition Business Analyst
554,Business Analyst
555,Business Analyst
556,Business Analyst (Part time)
557,Business Analyst
558,Payroll Business Analyst - International
559,Business Analyst
560,Business Analyst- Part Time
561,Business/Quality Assurance Analyst
562,Business Analyst
563,Business Analyst
564,Business Analyst
565,Business Analyst
566,Business Analyst
567,Business Analyst
568,Business Analyst
569,Business Analyst
570,Business Analyst
571,Business Analyst
572,Business Analyst
573,2019 Associate Business Analyst
574,Junior Business Analyst
575,Business Analyst
576,Business Analyst(BFS Domain)
577,Business Analyst
578,Business Analyst - Development
579,Business Analyst
580,"Business Analyst - Medicare, Medicaid, Claims"
581,Sr. Business Analyst
582,Business Analyst
583,Jr Business Analyst
584, Agile PLM – Business Analyst / PM
585,Business Analyst
586,Salesforce Business Analyst
587,"Business Analyst III, Accessiblity & Security"
588,Business Analyst
589,Business Analyst
590,IT Business Analyst I
591,Sales Compensation Business Analyst
592,Business Analyst - Porduct Management
593,Business Analyst I
594,Entry Level Business Analyst
595,Business Analyst
596,Business Analyst
597,Consulting Business Analyst
598,Business Analyst
599,Business Analyst
600,Business Analyst - Chicago Ideas Week/Happy Meal
601,Software Business Analyst
602,Payroll Business Analyst
603,Business Analyst
604,Business Analyst - P02618
605,Business Analyst Intern
606,"Business Analyst, Customer Insights & Research"
607,Business Analyst / SQL Script Developer
608,Business Analyst
609,Business Analyst
610,Business Analyst
611,Business Analyst
612,Business Analyst I
613,Business Analyst
614,Business Analyst
615,"Business Analyst, Strategic Insights"
616,Business Analyst
617,Project Business Analyst
618,Healthcare Business Analyst
619,Business Analyst
620,Business Analyst Intern
621,Retail Business Analyst
622,Business Analyst
623,Business Analyst
624,Associate Business Analyst (Implementations)
625,Senior Business Analyst
626,Business Analyst I - BCI - 40 hrs/wk
627,"Business Analyst - Medicare, Medicaid, Claims"
628,USA TODAY NETWORK Business Analyst Summer 2019 Internship
629,Junior Business Analyst
630,JR SQL Developer / Business Analyst
631,Business Analyst Intern
632,Business Analyst - Logistics
633,Business Analyst
634,Business Analyst I
635,Senior Payroll Business Analyst
636,IT Business Analyst
637,Senior Business Analyst
638,Business Analyst
639,Business Analyst
640,Human Capital Business Analyst
641,Business Analyst
642,BUSINESS ANALYST
643,MSH Business Analyst
644,Strategy Business Analyst
645,College Business Analyst
646,Business Analyst / Project Analyst
647,Travel domain Business Analyst
648,Operations Business Analyst
649,Business Systems Analyst
650,Business Analyst Intern
651,Business Analyst
652,Business Analyst
653,Business Analyst
654,Business Analyst
655,Foreclosure Business Analyst
656,Business Analyst
657,Senior Systems Business Analyst
658,Business Analyst
659,Business System Analyst / BSA
660,Business Consultant/Business Analyst II/III - Remote
661,BUSINESS ANALYST
662,Associate Business Analyst (Business Segment Liaison Admin )
663,Hybris Business Analyst
664,Strategic Business Analyst
665,Associate Business Analyst
666,Graduate Business Analyst
667,Business Analyst
668,Business Analyst (P&C Insurance)
669,Business Analyst
670,Business Analyst
671,BUSINESS ANALYST
672,"Business Analyst, CS, Customer Experience"
673,Business Analyst
674,Licensing Business Analyst
675,Business Analytics Analyst
676,Entry level- QA/BA
677,Business Analyst
678,Business Analyst
679,"Business Analyst, Reporting"
680,eWM Business Analyst
681,"Business Analyst, Publisher Intelligence, Online Partnership..."
682,M&A Business Analyst
683,Business Analyst
684,Business Analyst
685,Business Analyst
686,Business Analyst - New York
687,Sr. Business Analyst (JOB ID: 1482)
688,"BUSINESS ANALYST (Shreveport, LA Based)"
689,Business Analyst
690,Business Analyst I
691,Business Analyst
692,IT Business Analyst
693,Business Analyst - CC&B
694,Business Analyst - Southeast
695,Business Analyst
696,Business Analyst
697,RPA Business Analyst
698,Business Analyst
699,IT Business Analyst
700,Intern - Business Analyst
701,"Sponsor Solutions Business Analyst (Raleigh, NC)"
702,Business Analyst
703,Transportation Logistics Business Analyst
704,Business Analyst
705,Business Analyst
706,Associate Business Analyst
707,Business Analyst
708,Business Analyst
709,Business Analyst
710,Business Analyst
711,Strategic Consulting Business Analyst
712,Junior Business Analyst
713,Business Analyst
714,Business Analyst 3
715,Intern - Innovation - Business Analyst
716,Business Analyst
717,Strategic Business Analyst
718,Business Analyst
719,Associate Business Analyst
720,Compliance Business Analyst
721,Business Analyst
722,Business Analyst
723,Business Analyst
724,Business Analyst
725,"Business Analyst, Sales Strategy & Analytics"
726,Business Analyst
727,Business Analyst - Consultant
728,Business Analyst
729,Associate Business Analyst
730,Business Analyst
731,Junior Business Analyst - Entry Level
732,Business Analyst
733,IT Business Analyst
734,Business Analyst
735,"Business Analyst, Forecasting & Analytics"
736,Salesforce Business Analyst
737,Business Analyst
738,COB Business Analyst
739,Project Manager/Business Analyst
740,Business Analyst
741,"BUSINESS ANALYST (Shreveport, LA Based)"
742,ERP Business Analyst 3
743,FINANCIAL BUSINESS ANALYST
744,Business Analyst
745,Business Analyst Internship
746,Business Analyst
747,Business Analyst
748,Business Analyst
749,Business Analyst
750,Business Systems Analyst
751,Technical Business Analyst
752,IS Business Analyst
753,Business Analyst CSC Job
754,Business Analyst
755,Senior Business Analyst
756,Product Business Analyst
757,Business Analyst
758,BUSINESS ANALYST
759,Business Analyst
760,Sales and Business Analyst
761,Senior Business Analyst
762,"BUSINESS ANALYST (Shreveport, LA Based)"
763,"Business Analyst Intern, Summer 2018"
764,Business Analyst - JE-OPETS
765,Business Analyst
766,Business Analyst
767,Business Analyst- Intern
768,Business Analyst
769,Info Sys Business Analyst II
770,Hyperion Business Analyst
771,Senior Business Analyst
772,Business Analyst
773,Business Analyst
774,"Analyst I, Business Planning"
775,Business Analyst
776,Functional Business Analyst
777,Business Analyst III
778,Business Analyst
779,PROJECT MANAGER/BUSINESS ANALYST
780,Business Analyst
781,Business Analyst
782,Business Analyst
783,HRIS Business Analyst
784,Business Analyst
785,Business Analyst
786,Business Analyst
787,Business Analyst
788,PBM Business Analyst
789,Senior Business Analyst
790,Business Analyst - EMR/EHR Integration
791,Junior Business Analyst
792,Associate Business Analyst Sales Operations
793,Business Analyst
794,NPI Business Analyst
795,Business Analyst
796,Associate Business Analyst (VHAN Clinical Operations)
797,Business Analyst - Finance & Strategic Planning
798,Business Analyst
799,Business Analyst
800,SAP Business Analyst FICO
801,Business Analyst
802,Business Analyst I
803,BUSINESS ANALYST
804,IT Business Analyst
805,Business Analyst
806,Business analyst
807,Business Analyst
808,"Business Analyst, Senior"
809,Business Analyst – Market Data
810,Business Analyst
811,Vendor Funds Business Analyst
812,Financial Business Analyst
813,"Technical Business Analyst, Maps"
814,BUSINESS ANALYST - PHARMACY BENEFIT MANAGEMENT
815,Entry Level Business Analyst-(Temporary) $17/hr.
816,Sales Business Analyst
817,Business Analyst
818,Business Analyst
819,Workday Business Analyst
820,Business Analyst
821,Business Analyst
822,Retail Business Analyst
823,Business Analyst
824,Business Analyst WW Customer Returns
825,IT Business Analyst
826,Intern - Business Analyst
827,Business Analyst
828,"Business Analyst, Spectrum"
829,Business Analyst
830,Business Analyst
831,Business Analyst
832,Business Analyst
833,Remote Business Analyst
834,Business Analyst
835,"Business Analyst, Sr"
836,Business Analyst
837,Business Analyst
838,Business Analyst
839,Business Analyst-Amazon Marketplace
840,Business Analyst - Summit
841,Business Analyst
842,Business Analyst
843,Business Analyst - Payments
844,Business Systems Analyst
845,Business Analyst
846,Business Analyst
847,JD Edwards Warehousing Business Analyst
848,Ecommerce Business Analyst
849,Sr. Business Analyst
850,Business Analyst - Transportation & Logistics
851,Business Analyst - Entry Level
852,Business Analyst Associate
853,Data Center Operations Business Analyst
854,Business Analyst
855,Business Analyst
856,Business Analyst
857,Enterprise Project Management - Business Analyst
858,Business Analyst
859,Customer Business Analyst Intern
860,Pega Business Analyst
861,SAP Business Analyst
862,Business Analyst
863,Business Analyst
864,Merchandising Business Analyst Trainee
865,EMR BUSINESS ANALYST
866, Business Analyst
867,Business Analyst
868,Entry Level IT Analyst
869,Business Analyst Operations Coordinator
870,Salesforce Business Analyst
871,Legal Entity Financial Planning & Analysis Business Analyst
872,BUSINESS ANALYST
873,Business Analyst
874,IT Business Analyst
875,Logistics Business Analyst - Atlanta
876,CMiC Business Analyst
877,Sr. Business Analyst
878,Business Analyst
879,Business Analyst
880,Business Analyst
881,Business Analyst Job Description
882,"Business Analyst, Supply Chain Management"
883,"Business Analyst, Customer Care"
884,Business Analyst
885,BUSINESS ANALYST- UNCPN POPULATION HEALTH
886,Business Analyst
887,Business Analyst
888,Business Analyst III
889,Business Process Analyst
890,Business Analyst
891,Operations Repair Business Analyst
892,Business Analyst
893,Technical Business Analyst - Remote
894,TM Business Analyst
895,Project Manager/Business Analyst Internship
896,Intern-Business Analyst
897,Business Analyst Supply Chain
898,New Business Analyst
899,Business Analyst
900,Business Analyst
901,IT Business Analyst
902,Business Analyst - .NET
903,Business Analyst
904,Business Analyst
905,Sales & Business Analyst
906,Business Analyst
907,Business Analyst
908,"Business Analyst, Remarketing"
909,Human Resources Business Analyst
910,"Business Analyst, Customer Experience"
911,Techical Business Analyst
912,CRM Business Analyst
913,Business Analyst
914,Associate Business Analyst
915,Business Analyst
916,Temporary Full or Part-Time Business Analyst
917,Business Analyst
918,Junior Business Analyst
919,Business Analyst (2616)
920,Business Analyst
921,Business Analyst - Public Safety
922,Business Analyst
923,Business Analyst
924,Business Analyst - 6+ month Contract
925,Business Analyst I (ETS)
926,Business Analyst
927,Sr. Business Analyst
928,Business Analyst
929,Business Analyst
930,2019 Summer Undergraduate Internship - Business Analyst/Proj...
931,Banking Business Analyst
932,Business Analyst
933,Senior Business Analyst
934,Business Analyst
935,Business Data Analyst
936,Information Business System Analyst
937,Business Analyst
938,Business Analyst
939,Business Analyst
940,Business Analyst
941,Product Business Analyst
942,Business Analyst
943,Business Analyst
944,Senior Business Analyst
945,Jr JD Edwards Business Analyst
946,Sr. Logistics Business Analyst
947,"Business Services Analyst, HRPP"
948,Business Analyst Internship
949,Business Analyst
950,Business Analyst - Health & Human Services
951,Business Analyst
952,Business Analyst
953,Business Analyst
954,Validation Business Analyst
955,Entry level Quality Analyst & Business Analyst
956,Operations Business Analyst
957,Reporting/Business Analyst
958,Business Analyst
959,Business Analyst
960,Business Analyst Sales Analysis
961,Business Analyst
962,Salesforce Business Analyst (Atlanta) - Bluewolf
963,Salesforce Business Analyst
964,Business Analyst
965,Business Systems Analyst
966,Business Analyst
967,Business Analyst
968,Business Analyst
969,Project Manager/Business Analyst
970,Fidessa Business Analyst
971,Digital Merchandising Business Analyst
972,Business Analyst
973,Business Analyst Intern
974,Business Analyst
975,Passionate HR Operations Business Analyst ($40-$50 an hour!)
976,"Business Analyst, Loss Prevention"
977,Business Analyst
978,IT Business Analyst
979,Business Analyst
980,Project Business Analyst
981,Jr. Business Analyst
982,IT Business Analyst
983,Business Analyst SQL
984,CX Business Analyst - REMOTE
985,Business Analyst
986,Business Analyst
987,Business Analyst
988,Business Analyst
989,Patient Access Business Analyst
990,IT Business Analyst
991,Business Analyst
992,IT Specialist - Business Analyst
993,Jr. Scrum Master/Business Analyst
994,Business Analyst Intern - Campus Recruiting
995,Business Analyst
996,Human Resources Business Analyst
997,Portal Application Business Analyst
998,Business Analyst
999,Business Systems Analyst
1000,"Sr. Consultant, FinancialForce PSA Business Analyst"
1001,Senior Business Analyst
1002,Business Analyst
1003,Track Business Analyst
1004,Business Analyst - Payroll
1005,Business Analyst - Payroll
1006,Business Analyst
1007,Business Analyst
1008,Business Analyst/QA Tester
1009,Business Analyst
1010,Business Analyst
1011,Business Analyst
1012,Business Analyst Internship – Summer 2019
1013,Capacity Planning Business Analyst
1014,Business Analyst
1015,Financial Business Analyst
1016,Business Analyst 1
1017,"Senior Business Analyst, Paid Search"
1018,Jr. SQL Business Analyst
1019,Business Analyst
1020,"Business Analyst, Sales Operations"
1021,"Claims Business Analyst, (CHOICE)"
1022,Business Analyst - Private Equity
1023,Business Analyst
1024,Business Analyst
1025,Business Analyst (Risk)
1026,Business Analyst
1027,Business Analyst - IAM SailPoint
1028,Business Analyst Coop
1029,Business Analyst
1030,Business Analyst Manager
1031,Business Analyst
1032,Business Analyst Financial
1033,Finance and Business Analyst III
1034,Business Analyst
1035,Business Analyst
1036,HR Business Analyst
1037,Business Analyst I
1038,Business Analyst
1039,CPIC Business Analyst
1040,Business Analyst
1041,"Business Analyst (Columbus, OH)"
1042,Business Analyst Intern
1043,Business Analyst
1044,RCM Business Analyst
1045,Business Analyst IS
1046,Human Resources Business Analyst
1047,Business Analyst FA
1048,Infor M3 Business Analyst - Accenture Technology
1049,Business Analyst (Information Management)
1050,Business Analyst / Venture Capital Internship
1051,Business Analyst
1052,Business Analyst - possible telecommute
1053,Business Analyst
1054,Business Analyst II
1055,Software Business Analyst
1056,Growth Analyst - Dropbox Business
1057,BUSINESS ANALYST - UNCFP FINANCIAL SERVICES
1058,Business Analyst Consultant
1059,Business Analyst I
1060,Business Analyst/Tester Job
1061,Business Analyst
1062,New Business Analyst
1063,Business Analyst - Global Partner Network
1064,Associate Business Process/UAT Test Analyst
1065,Business Analyst
1066,Medicaid UAT Business Analyst
1067,Budget/Business Analyst
1068,HR Business Analyst
1069,Data Conversion Business Analyst
1070,Salesforce Business Analyst
1071,Business Analyst
1072,Business Analyst
1073,Salesforce Business Analyst
1074,Data Warehouse Business Analyst
1075,"Senior Business Analyst - Williston, VT"
1076,Business Analyst
1077,Associate Business Analyst
1078,Customer Care Business Analyst #23676
1079,Business Analyst
1080,HCM Business Analyst
1081,Business Analyst (KYC experience)
1082,Business Analyst - Airline Industry Experience
1083,Business Analyst / Business Unit Controller - Elkhart
1084,Business Analyst/Writer
1085,Business Analyst
1086,Business Analyst
1087,Business Analyst - Ochsner Health Network - Benson Tower
1088,Business Analyst
1089,Human Resources Business Analyst
1090,Software Business Analyst
1091,Business Analyst
1092,Business Analyst (Associate)
1093,Business Analyst
1094,Business Analyst
1095,Business Analyst
1096,Business Analyst
1097,Business Analyst (Infor M3)
1098,Business Support Analyst
1099,Business Analyst
1100,Quantitative Business Analyst
1101,Business Analyst
1102,Business Analyst
1103,Business Analyst
1104,JD Edwards Business Analyst
1105,Internal Business Analyst
1106,Business Analyst
1107,Business Analyst
1108,Supply Chain Business Analyst
1109,Business Analyst
1110,Business Analyst
1111,Business Analyst
1112,Business Analyst
1113,Business Analyst
1114,Business Analyst / BI Analyst
1115,Business Analyst - Product (Remote)
1116,Business Analyst I
1117,"Business Analyst, 80% Travel - Remote, US"
1118,Lead Business Analyst
1119,"Business Analyst, Marketing"
1120,Business Analyst Intern
1121,Business Analyst $24/HR
1122,Business Analyst
1123,Formulary Operations Business Analyst
1124,Business Analyst
1125,"Business Analyst, Enrollment/Operations"
1126,PMO Business Analyst
1127,Business Analyst
1128,Business Analyst
1129,Business Analyst Internship
1130,"BUSINESS ANALYST (Shreveport, LA Based)"
1131,Business Analyst-Financial Aid Operations
1132,Business Program Analyst
1133,"Senior Business Analyst, UM - Remote, US"
1134,Business Analyst - Artificial Intelligence
1135,Business Analyst
1136,Jr. Business Analyst
1137,Operations Business Analyst
1138,Business Analyst - Marketing (Remote)
1139,Business Analyst
1140,Junior Project Manager/Business Analyst
1141,Business Analyst
1142,BUSINESS ANALYST - CMiC
1143,Business Systems Analyst
