,location
0,"Charlotte, NC"
1,"Morrisville, NC 27560"
2,"Virginia Beach, VA 23452 (North Central area)"
3,"Atlanta, GA"
4,"Farmington, CT"
5,"Washington, DC"
6,"Dallas, TX"
7,"California City, CA 93505"
8,"Chicago, IL"
9,"Princeton, NJ 08540"
10,"Washington, DC 20003 (Capitol Hill area)"
11,"Lorton, VA"
12,"Pennington, NJ 08534"
13,"Raleigh, NC"
14,Remote
15,"Myrtle Beach, SC"
16,"Troy, MI 48098"
17,"Hopkins, MN 55343"
18,"Philadelphia, PA 19103 (Belmont area)"
19,"Hermitage, TN"
20,"Fountain Run, KY 42133"
21,"Pittsburgh, PA 15260 (Squirrel Hill North area)"
22,"New York, NY 10010 (Gramercy area)"
23,"LaGrange, GA"
24,"Suwanee, GA 30024"
25,"Groton, CT"
26,"Boston, MA"
27,"Charlotte, NC"
28,"Wake County, NC"
29,"St. Louis, MO 63124"
30,"Springfield, OR"
31,"Chapel Hill, NC 27599"
32,"Manchester, NH"
33,"Lincolnshire, IL"
34,"Chubbuck, ID 83202"
35,"Erie, PA"
36,"Horsham, PA 19044"
37,"San Antonio, TX 78251"
38,"Rockville, MD"
39,"Richland County, SC"
40,"Edison, NJ"
41,"Santa Clara Valley, CA"
42,United States
43,United States
44,"Raleigh, NC 27607 (Northwest area)"
45,"Washington, DC"
46,"New Port Richey, FL"
47,"Madison, NJ"
48,"Miramar, FL"
49,"Bristol, PA"
50,"Ruston, LA"
51,"Park Ridge, IL 60068"
52,"Las Vegas, NV 89105"
53,"Charlotte, NC"
54,"Boston, MA"
55,"New York, NY"
56,"New York, NY 10038 (Financial District area)"
57,"Charlotte, NC"
58,"Londonderry, NH 03053"
59,"Columbus, GA"
60,"Hilliard, OH"
61,"Schaumburg, IL 60159"
62,"New York, NY"
63,"Buffalo, NY 14203"
64,"Hebron, OH 43025"
65,"Union City, GA"
66,"Albany, NY 12207"
67,"Dallas, TX 75224 (Southwest Dallas area)"
68,"Fort Lauderdale, FL"
69,"New Albany, OH 43054"
70,"Cleveland, OH 44114 (Downtown area)"
71,"Salt Lake County, UT"
72,"San Jose, CA"
73,"Virginia Beach, VA 23451"
74,"Hunter, VA"
75,"Coral Gables, FL"
76,"Miramar, FL"
77,"West Palm Beach, FL 33407"
78,"Austin, TX"
79,"Austin, TX 78731"
80,"Durham, NC 27713"
81,"Seattle, WA"
82,"Little Rock, AR"
83,"Raleigh, NC"
84,"Davie, FL"
85,"LaGrange, GA"
86,"Cherry Hill, NJ"
87,United States
88,"Reston, VA"
89,"Falls Church, VA 22043"
90,United States
91,"Shrewsbury, NJ"
92,"Jasper, IN 47546"
93,"Irvine, CA"
94,"Silver Spring, MD"
95,"Columbus, OH"
96,"New Rochelle, NY 10801"
97,United States
98,"Research Triangle Park, NC"
99,"North Charleston, SC"
100,"Jersey City, NJ 07311 (Downtown area)"
101,Remote
102,"Washington, DC"
103,"Hattiesburg, MS 39402"
104,"Atlanta, GA 30308 (Old Fourth Ward area)"
105,"New York, NY"
106,"Elmhurst, NY"
107,"Portland, OR 97210 (Northwest area)"
108,"Raleigh, NC 27603"
109,"Austin, TX 78731"
110,"Lansing, MI"
111,"Warrendale, PA"
112,"Burlington, MA 01803"
113,"Dallas, TX"
114,Remote
115,"Carson City, NV 89701"
116,"Raleigh, NC"
117,"New York, NY 10038 (Financial District area)"
118,"Reston, VA 20191"
119,"St. Louis, MO"
120,"Woods Cross, UT"
121,"Atlanta, GA"
122,"Irving, TX"
123,"Denver, CO 80216 (Northern Denver area)"
124,"Rockville, MD"
125,"Charlotte, NC"
126,"San Juan, PR 00917"
127,"Southbury, CT 06488"
128,"Miami, FL 33180"
129,"Research Triangle Park, NC"
130,"Minneapolis-Saint Paul, MN"
131,Alabama
132,"Wilmington, DE 19801"
133,"Carlsbad, CA"
134,"San Francisco, CA"
135,"Cleveland, TN"
136,"Dallas, TX"
137,"Fort Lauderdale, FL"
138,"Washington, DC 20036 (Downtown area)"
139,"Clemson, SC 29631"
140,"St. Louis, MO"
141,"Lakeville, MN 55044"
142,"Madison, NJ"
143,"Washington, DC 20036 (Downtown area)"
144,"Pittsburgh, PA"
145,"Santa Monica, CA"
146,"San Antonio, TX"
147,"Lansing, MI"
148,"Tempe, AZ"
149,"Atlanta, GA"
150,"Columbia, MD"
151,"Washington, DC 20006 (Foggy Bottom area)"
152,"Davis, CA"
153,"Madison, NJ"
154,"Dallas, TX"
155,"Alpharetta, GA"
156,"Wilson, NC"
157,"New York, NY"
158,"Miami, FL"
159,"Brooklyn, NY"
160,"Herndon, VA"
161,"Eden Prairie, MN 55344"
162,"Bethesda, MD 20817"
163,"New York, NY 10167 (Midtown area)"
164,United States
165,"Marshall, TX 75672"
166,"Atlanta, GA"
167,"Durham, NC"
168,"Miramar, FL"
169,"Charlotte, NC 28202 (Downtown Charlotte area)"
170,"Alpharetta, GA"
171,"Manhattan, NY"
172,"Jasper, IN 47546"
173,"Arlington, VA"
174,"Scottsdale, AZ 85251 (South Scottsdale area)"
175,United States
176,Remote
177,"Redmond, WA"
178,"Norcross, GA 30071"
179,"Palo Alto, CA"
180,"Livingston, NJ"
181,"Pittsburgh, PA"
182,"Owings Mills, MD 21117"
183,"Morrisville, NC 27560"
184,"Nashville, TN 37201"
185,"Boston, MA"
186,"Los Angeles, CA 90001"
187,"Florence, SC"
188,"Oakland, CA"
189,"Garner, NC 27529"
190,"Bridgewater, NJ 08807"
191,"Durham, NC"
192,"Austin, TX 78731"
193,"Cary, NC 27513"
194,"Peoria, IL"
195,"Los Angeles, CA"
196,"Irvine, CA"
197,"Dallas, TX 75201 (City Center District area)"
198,"Santa Clara, CA"
199,"New York, NY"
200,"High Point, NC 27260"
201,"Oakland, CA"
202,Virginia
203,"Richburg, SC"
204,"Manhattan, NY"
205,"Auburn, AL 36830"
206,"Miami, FL 33172"
207,"Atlanta, GA 30321 (Downtown area)"
208,"Seattle, WA"
209,"Columbus, OH"
210,"West Hollywood, CA"
211,"New York, NY 10001 (Chelsea area)"
212,"San Diego, CA"
213,"Lakeville, MN 55044"
214,"Irving, TX"
215,"St. Louis, MO"
216,"Philadelphia, PA"
217,"Columbus, OH"
218,"Morrisville, NC 27560"
219,"Carlisle, PA 17015"
220,"Salt Lake City, UT"
221,"Greenwood, SC"
222,"Boise, ID"
223,"Atlanta, GA"
224,"Dallas, TX"
225,"Charlotte, NC"
226,"Owings Mills, MD"
227,"Dallas, TX"
228,"Hattiesburg, MS 39402"
229,"Jersey City, NJ"
230,"Los Angeles, CA 90017"
231,"Redlands, CA"
232,"Austin, TX"
233,"Seattle, WA"
234,"San Francisco Bay Area, CA"
235,"Bloomington, IN"
236,"Charleston, SC"
237,"Bloomington, IL"
238,"Lee's Summit, MO"
239,"Washington, DC"
240,"Oakland, CA"
241,"Seattle, WA"
242,"Manhattan, NY"
243,"New York, NY 10036"
244,"Stafford, VA"
245,"Tampa, FL 33634"
246,"Reston, VA"
247,"Foster City, CA"
248,"Durham, NC 27701"
249,"Raleigh, NC 27616 (Northeast area)"
250,"New York, NY"
251,"Riverdale, MD"
252,"Las Vegas, NV 89113"
253,"Charleston, SC"
254,"Miami, FL 33172"
255,"Dallas, TX"
256,"Niles, IL"
257,"McLean, VA 22102"
258,"Agoura Hills, CA 91301"
259,"Euless, TX"
260,"Austin, TX"
261,"Atlanta, GA 30301 (Buckhead area)"
262,"Beloit, WI"
263,"Egg Harbor Township, NJ"
264,"Houston, TX"
265,"Fort Worth, TX"
266,Remote
267,"Boise, ID 83702 (Harrison Blvd area)"
268,"Dallas, TX"
269,"Chicago, IL"
270,"Gwinnett County, GA"
271,United States
272,"Waxhaw, NC 28173"
273,"Saint Charles, IL 60174"
274,"Chapel Hill, NC"
275,United States
276,"Winter Springs, FL"
277,"Cumming, GA"
278,"Charlotte, NC 28255 (Wilmore area)"
279,"Myrtle Beach, SC"
280,"Huntington, WV"
281,"Durham, NC 27703"
282,"Columbus, OH 43219 (Northeast area)"
283,"New York, NY"
284,"Orlando, FL 32801 (Central Business District area)"
285,"Brooklyn, NY 11201"
286,"St. Louis, MO"
287,"Lansdale, PA"
288,"New York, NY"
289,"Beloit, WI"
290,"Richmond, VA"
291,"Boca Raton, FL 33431"
292,"Saint Cloud, MN"
293,Remote
294,"Egg Harbor Township, NJ"
295,"Salt Lake City, UT"
296,"South Portland, ME"
297,United States
298,"West Palm Beach, FL 33401"
299,"Effingham, IL"
300,"Powhatan, VA 23139"
301,"Honolulu, HI 96813 (Nuuanu-Punchbowl area)"
302,"Columbus, OH 43215 (Downtown area)"
303,"Madison, NJ"
304,"Des Moines, IA 50309 (Downtown area)"
305,"Seattle, WA"
306,"Harrisburg, PA 17106"
307,"Winter Springs, FL"
308,"Wilmington, DE"
309,Remote
310,"Monterey Park, CA"
311,"Columbus, OH 43219 (Northeast area)"
312,"Chicago, IL"
313,"New York, NY"
314,"Guaynabo, PR"
315,"Compton, CA"
316,"Orlando, FL 32801 (Central Business District area)"
317,"Irving, TX 75062"
318,"Wesley Chapel, FL 33544"
319,United States
320,Kentucky
321,"Bloomington, IL"
322,"Moline, IL 61265"
323,"Indianapolis, IN"
324,"Gwinnett County, GA"
325,"Frisco, TX"
326,"San Jose, CA"
327,"Durham, NC 27701"
328,"Auburn Hills, MI"
329,"Beloit, WI"
330,"Tampa, FL 33607"
331,"Denver, CO"
332,"Weston, MA"
333,"Raleigh, NC 27607 (Northwest area)"
334,"Boston, MA"
335,"Tempe, AZ 85281"
336,"Atlanta, GA"
337,"Allentown, PA 18101"
338,"Washington, DC"
339,"Santa Clara Valley, CA"
340,"Huntington, WV"
341,"Clarksville, TN"
342,"Irvine, CA"
343,"Palm Springs, FL 33406"
344,"Gwinnett County, GA"
345,"Carrollton, GA 30119"
346,"Pittsburgh, PA 15205"
347,"Horsham, PA"
348,"Boston, MA 02109 (Central area)"
349,"Carrollton, GA 30119"
350,"Norcross, GA 30092"
351,"Rockville, MD"
352,"Plano, TX"
353,"Kansas City, KS 66115"
354,"Palo Alto, CA"
355,"New York, NY"
356,"Tampa, FL 33614"
357,"Memphis, TN"
358,"Silver Spring, MD"
359,"Broomfield, CO"
360,"Charlotte, NC 28202 (Downtown Charlotte area)"
361,"St. Louis, MO"
362,"Omaha, NE"
363,"Harrisburg, PA"
364,"Glen Allen, VA 23060"
365,"San Francisco, CA"
366,"New York, NY 10176 (Murray Hill area)"
367,"Washington, DC"
368,"Memphis, TN"
369,Texas
370,"Saint Marys, KS"
371,"Raleigh, NC"
372,"San Antonio, TX 78211"
373,"Byhalia, MS 38611"
374,"Egg Harbor Township, NJ 08234"
375,"Franklin, TN"
376,"Falls Church, VA"
377,"New York, NY 10168 (Murray Hill area)"
378,"Wilmington, DE"
379,"Charlotte, NC"
380,"Boise, ID 83702 (Harrison Blvd area)"
381,"Columbus, OH 43219 (Northeast area)"
382,"Bismarck, ND"
383,"Raleigh-Durham, NC"
384,"Greensboro, NC"
385,"Burlington, NJ 08016"
386,"Irvine, CA"
387,"New York, NY"
388,"Dallas, TX"
389,"King of Prussia, PA"
390,"Harlingen, TX"
391,"Tysons, VA"
392,"Cherry Hill, NJ"
393,"Alpharetta, GA"
394,"Seattle, WA"
395,"Rolling Meadows, IL"
396,"Brooklyn, NY 11201"
397,"Dearborn, MI 48124"
398,"Philadelphia, PA"
399,"Troy Hills, NJ"
400,"Boston, MA"
401,"Los Angeles, CA"
402,"Channahon, IL"
403,"Bentonville, AR"
404,"Manhattan, NY"
405,"Chicago, IL 60661 (Near West Side area)"
406,"Chester, VA 23836"
407,"Troy Hills, NJ"
408,"San Jose, CA"
409,"San Francisco, CA"
410,"Grapevine, TX"
411,"Philadelphia, PA 19019 (Somerton area)"
412,"Denver, CO 80202 (Lodo area)"
413,"Mountain View, CA"
414,"Washington, DC"
415,"Maple Shade, NJ 08052"
416,"Milpitas, CA 95035"
417,United States
418,"Asheboro, NC"
419,"Atlanta, GA"
420,"Los Angeles, CA"
421,"Cleveland, TN"
422,"Arlington, TX"
423,"San Ramon, CA 94583"
424,"Tacoma, WA"
425,"Baltimore, MD"
426,"Minneapolis-Saint Paul, MN"
427,"Torrance, CA"
428,"Atlanta, GA"
429,"Dallas, TX"
430,"Nashua, NH"
431,"Mountain View, CA"
432,"Tallahassee, FL"
433,"New York, NY"
434,"Harrisburg, PA"
435,"Lake Zurich, IL"
436,"Madison, NJ"
437,"Miami, FL"
438,"Springfield, MA 01101 (Metro Center area)"
439,"Durham, NC"
440,"Atlanta, GA"
441,"Chicago, IL 60661 (Near West Side area)"
442,"New York, NY"
443,"Harrisburg, PA 17104"
444,"Peachtree Corners, GA"
445,"Phoenix, AZ 85007 (Central City area)"
446,"Phoenix, AZ 85003 (Central City area)"
447,"Columbus, OH"
448,"Richfield, OH"
449,"Walnut, CA"
450,"San Francisco, CA"
451,"Harlingen, TX"
452,"Little Rock, AR 72201 (Downtown area)"
453,"Frisco, TX"
454,"Tampa, FL"
455,"St. Louis, MO"
456,"New York, NY"
457,"Las Vegas, NV 89101 (Cultural Corridor area)"
458,"Phoenix, AZ"
459,"Herndon, VA"
460,"Morrisville, NC"
461,"Memphis, TN 37501 (Parkway Village-Oakhaven area)"
462,"Chicago, IL"
463,"Lindon, UT 84042"
464,"Fort Worth, TX"
465,"Louisville, CO"
466,"Portland, OR"
467,"McLean, VA"
468,"Tallahassee, FL"
469,"Ann Arbor, MI"
470,"Chapel Hill, NC"
471,"Atlanta, GA"
472,"Philadelphia, PA"
473,"New York, NY 10110 (East Village area)"
474,"New York, NY 10261 (Murray Hill area)"
475,"San Francisco, CA 94105 (Financial District area)"
476,"Newark, NJ"
477,"Miami, FL"
478,"Seattle, WA"
479,"Madison, WI"
480,"Las Vegas, NV"
481,"Spring, TX"
482,"Las Vegas, NV"
483,"Charlotte, NC 28211 (Sherwood Forest area)"
484,"Spokane, WA 99201 (West Central area)"
485,"Bradenton, FL 34208"
486,"Pella, IA 50219"
487,"Chadds Ford, PA 19317"
488,"Frankenmuth, MI"
489,"Duluth, GA"
490,"Fishers, IN"
491,"Seattle, WA"
492,"Raleigh, NC"
493,"Seattle, WA"
494,"San Francisco, CA 94103 (South Of Market area)"
495,United States
496,"Lakeland, FL 33813"
497,Remote
498,"Jersey City, NJ"
499,"Morrisville, NC"
500,"New York, NY"
501,"Baltimore, MD 21204"
502,"North Brunswick, NJ"
503,"Stafford, VA 22554"
504,"Lakeland, FL"
505,"Northbrook, IL"
506,"Dallas, TX 75244"
507,"Cincinnati, OH 45208 (Hyde Park area)"
508,"Houston, TX"
509,"Auburn Hills, MI"
510,"Pennington, NJ"
511,"Atlanta, GA"
512,"Miami, FL"
513,"Princeton, NJ 08540"
514,"Charleston, SC"
515,"Richmond, VA 23219 (City Center area)"
516,"San Mateo, CA"
517,"Brooklyn, NY"
518,"Phoenix, AZ"
519,"Tysons, VA 22182"
520,"San Jose, CA"
521,"Columbus, OH"
522,"Northfield, IL"
523,"Chevy Chase, MD"
524,"Buffalo, NY"
525,"Pittsburgh, PA 15289 (Central Business District area)"
526,"Smyrna, GA"
527,"Moline, IL 61265"
528,"Boston, MA"
529,"Princeton, NJ"
530,"New York, NY 10168 (Murray Hill area)"
531,"New York, NY"
532,"Charlotte, NC"
533,"Austin, TX"
534,"Seattle, WA"
535,"Fort Lauderdale, FL 33316 (Harbordale area)"
536,"Uniontown, OH"
537,"Indianapolis, IN 46240"
538,"Phoenix, AZ 85008 (Camelback East area)"
539,"Charlotte, NC 28211 (Sherwood Forest area)"
540,"San Jose, CA"
541,"Houston, TX"
542,"Dallas, TX"
543,"Morrisville, NC"
544,"Gaithersburg, MD 20878"
545,"Milpitas, CA 95035"
546,"Farmington Hills, MI 48331"
547,"Jersey City, NJ"
548,"Philadelphia, PA"
549,"Chicago, IL 60656 (Norwood Park area)"
550,"Durham, NC 27713"
551,"Indore, WV"
552,"Plano, TX"
553,"Fort Worth, TX 76102 (Downtown area)"
554,United States
555,"Seattle, WA"
556,"Mount Clemens, MI"
557,"Chevy Chase, MD"
558,"Cedar Rapids, IA"
559,"Miami, FL"
560,"Bloomington, IL 61701"
561,"Alexandria, VA 22314 (Southwest Quadrant area)"
562,"Lakeland, FL 33813"
563,"Orlando, FL 32825"
564,"Cazenovia, NY"
565,"Durham, NC 27713"
566,"New York, NY 10167 (Midtown area)"
567,"Fayetteville, NC"
568,"Rockville, MD 20847"
569,"Houston, TX 77060 (Far North area)"
570,"Jersey City, NJ"
571,"San Ramon, CA"
572,"East Taunton, MA 02718"
573,"Richmond, VA"
574,"San Diego, CA 92108"
575,"Atlanta, GA"
576,"Irving, TX 75038"
577,"Slidell, LA"
578,"Arlington, VA"
579,"Atlanta, GA"
580,"Boston, MA"
581,"Chicago, IL"
582,"Fort Wayne, IN"
583,"Harrisburg, PA"
584,"Norfolk, VA 23502"
585,"Seattle, WA"
586,"Mount Laurel, NJ"
587,"Nashville, TN"
588,United States
589,"Dallas, TX"
590,"San Jose, CA"
591,"Athens, OH 45701"
592,Tennessee
593,"Kings Mountain, NC 28086"
594,"Santa Fe, NM"
595,"Menlo Park, CA"
596,"San Jose, CA"
597,"Chicago, IL"
598,"Dayton, OH 45430"
599,"Alpharetta, GA 30005"
600,"Suitland, MD"
601,"Chicago, IL 60290 (Loop area)"
602,"Kendall Park, NJ"
603,"Atlanta, GA"
604,"Chicago, IL 60603 (Loop area)"
605,"Fresno, CA 93711 (Bullard area)"
606,"Newark, CA 94560"
607,"Indianapolis, IN 46240"
608,"Tallahassee, FL"
609,"Vancouver, WA"
610,"Seattle, WA"
611,"Cherry Hill, NJ"
612,"Houston, TX 77002 (Downtown area)"
613,"Flushing, NY"
614,"Baltimore, MD"
615,"Baltimore, MD 21201 (Downtown area)"
616,"Corvallis, OR 97330"
617,"Roseville, CA"
618,"Dallas, TX"
619,"Los Angeles, CA"
620,"Washington, DC"
621,"Glenmont, NY 12077"
622,United States
623,"Springdale, AR"
624,"Atlanta, GA"
625,"Fairborn, OH 45324"
626,"Boca Raton, FL 33487"
627,"Milpitas, CA 95035"
628,"Lawrenceville, NJ"
629,"Wilmington, DE"
630,"Springfield, IL"
631,"Norfolk, VA 23502"
632,"Tysons, VA 22102"
633,"Marietta, GA"
634,"Philadelphia, PA 19123 (Poplar-Ludlow-Yorktowne area)"
635,"Mountain View, CA"
636,"Belmont, CA"
637,"Maitland, FL"
638,"Bryn Mawr, PA 19010"
639,"Bethesda, MD 20817"
640,"Greenville, NC"
641,"Baltimore, MD"
642,United States
643,"Weehawken, NJ"
644,"Chanhassen, MN 55317"
645,"Chicago, IL"
646,"Fort Lauderdale, FL"
647,"Irving, TX"
648,"Atlanta, GA"
649,"Lexington, KY"
650,"Washington, DC 20006 (Foggy Bottom area)"
651,"Phoenix, AZ"
652,"Saint Petersburg, FL 33705"
653,"Alpharetta, GA"
654,"Richardson, TX"
655,"Raleigh, NC"
656,"Atlanta, GA"
657,"Boise, ID"
658,"Columbus, OH"
659,"Las Vegas, NV 89145 (Angel Park Lindell area)"
660,"Tampa, FL"
661,"Minnetonka, MN 55345"
662,"Burlington, MA"
663,"Claymont, DE"
664,United States
665,"Piscataway, NJ"
666,Kansas
667,California
668,"Township of Hamilton, NJ"
669,"Thousand Oaks, CA"
670,"San Francisco Bay Area, CA"
671,"National, WV"
672,"Worcester, MA"
673,"Atlanta, GA"
674,"Fall River, MA"
675,"Las Vegas, NV"
676,"Seattle, WA"
677,"Morrisville, NC"
678,"Chevy Chase, MD"
679,"Miami, FL"
680,"Jersey City, NJ"
681,"West Chester, PA 19380"
682,"Houston, TX"
683,"New York, NY 10018 (Clinton area)"
684,"Camden, NJ"
685,"Mountain View, CA"
686,"New York, NY"
687,"Cold Spring, KY 41076"
688,"Falls Church, VA"
689,"Harrisburg, PA"
690,"New York, NY"
691,"Washington, DC 20001 (Shaw area)"
692,"Irving, TX 75038"
693,"Louisville, KY"
694,"San Diego, CA 92101"
695,"Nashville, TN 37202"
696,"Johnson City, TN 37615"
697,"St. Louis, MO"
698,"Tallahassee, FL"
699,"San Antonio, TX"
700,"Rockville, MD 20850"
701,Remote
702,"Durham, NC"
703,"Emerald Isle, NC"
704,"St. Louis, MO"
705,"Raleigh, NC"
706,"New York, NY 10261 (Murray Hill area)"
707,"Roswell, GA 30076"
708,"Lafayette, LA"
709,"San Francisco, CA"
710,"Atlanta, GA"
711,"Dallas, TX"
712,"Jersey City, NJ 07310 (Downtown area)"
713,"Washington, DC 20036 (Downtown area)"
714,"Tampa, FL"
715,"Mount Laurel, NJ"
716,"Toledo, OH"
717,"Los Angeles, CA"
718,"Secaucus, NJ 07094"
719,"Worcester, MA"
720,"Sterling, VA"
721,"Tualatin, OR 97062"
722,"Charlotte, NC 28203 (Dilworth area)"
723,"Bethlehem, PA 18020"
724,"San Dimas, CA 91773"
725,"Silver Spring, MD"
726,"Warwick, RI"
727,"Los Angeles, CA"
728,"Grand Prairie, TX 75050"
729,"San Francisco, CA 94105 (Financial District area)"
730,"Buffalo Grove, IL"
731,"Columbia, SC"
732,"Birmingham, AL 35210"
733,"Juno Beach, FL 33408"
734,"Washington, DC"
735,"Salt Lake City, UT"
736,"Las Vegas, NV"
737,"San Jose, CA"
738,"Dublin, OH 43017"
739,"Boston, MA 02116 (South End area)"
740,"Framingham, MA"
741,"Chicago, IL"
742,"Oshkosh, WI 54901"
743,"Scottsdale, AZ 85260 (North Scottsdale area)"
744,"Austin, TX 78759 (Arboretum area)"
745,"Shreveport, LA 71129"
746,"Miami, FL 33128 (Little Havana area)"
747,"Towson, MD"
748,Remote
749,"Spokane, WA 99202 (East Central area)"
750,"Golden Valley, MN"
751,"Houston, TX"
752,"Raleigh, NC"
753,"Aliso Viejo, CA"
754,"Helena, MT"
755,"Denver, CO 80202 (Lodo area)"
756,"Pewaukee, WI"
757,"Eagan, MN 55122"
758,"Atlanta, GA 30309 (Midtown area)"
759,"Raleigh, NC 27607 (Northwest area)"
760,"Florence, SC 29501"
761,"Boyers, PA"
762,"Brooklyn, NY"
763,"San Francisco, CA"
764,"Baltimore, MD"
765,"Boston, MA"
766,"Natchitoches, LA 71457"
767,"Mountain View, CA"
768,"Stafford, VA 22556"
769,"Tucson, AZ 85750"
770,United States
771,"Canton, MA 02021"
772,"White Plains, NY 10607"
773,"Clemson, SC 29631"
774,"Germantown, MD 20874"
775,"Groton, CT"
776,"Raleigh, NC"
777,"Denver, CO"
778,"Washington, DC 20022 (Brentwood area)"
779,"Denver, CO 80206 (Central East Denver area)"
780,"St. Louis, MO"
781,"Fairfax, VA"
782,"Carrollton, TX"
783,"Ithaca, NY"
784,United States
785,"Boston, MA"
786,"Fort Lee, NJ"
787,"Austin, TX 78703"
788,"Philadelphia, PA 19103 (Belmont area)"
789,"Manchester, NH"
790,"Houston, TX"
791,"Washington, DC 20004 (Downtown area)"
792,"Hartford, CT"
793,"Minneapolis, MN"
794,"Providence, RI"
795,"Miami, FL"
796,"Carlsbad, CA"
797,"Harrisburg, PA"
798,"Mountain View, CA"
799,"Midland, TX"
800,"Nashville, TN"
801,"New York, NY 10004 (Financial District area)"
802,"New York, NY 10004 (Financial District area)"
803,"San Francisco, CA"
804,"Boston, MA"
805,"Harvard, MA 01451"
806,"Gaithersburg, MD 20899"
807,"Chicago, IL 60661 (Near West Side area)"
808,"Hollywood, FL 33025"
809,"Pittsburgh, PA"
810,"Harlingen, TX 78550"
811,"Fremont, CA 94538 (Irvington area)"
812,"Charleston, SC"
813,"New York, NY"
814,"Cleveland, OH"
815,"Newport News, VA"
816,"Troy, MI 48084"
817,"Santa Clara Valley, CA"
818,"Morrisville, NC 27560"
819,"Deerfield, IL"
820,"Brownstown, MI"
821,"San Antonio, TX"
822,"Washington, DC"
823,"Deerfield, IL"
824,"Phoenix, AZ"
825,"Santa Monica, CA"
826,"La Mirada, CA 90638"
827,"Denver, CO"
828,"Seattle, WA"
829,"Plano, TX 75024"
830,"Chantilly, VA 20151"
831,"Columbus, OH"
832,"Atlanta, GA"
833,"Phoenix, AZ 85027"
834,"Charlotte, NC 28201 (Myers Park area)"
835,"San Jose, CA"
836,"Atlanta, GA"
837,United States
838,"Columbus, OH 43215 (Downtown area)"
839,"Mount Juliet, TN"
840,"Lavallette, NJ"
841,"Alpharetta, GA"
842,"Houston, TX 77099 (Sugarland area)"
843,"Seattle, WA"
844,"New York, NY 10001 (Chelsea area)"
845,"San Francisco, CA"
846,"San Francisco, CA 94134 (Excelsior area)"
847,"Columbus, GA"
848,"Norfolk, VA 23510"
849,"Richfield, OH"
850,"Irvine, CA 92618"
851,"Dallas, TX"
852,"Temple, TX"
853,"Wilmington, DE"
854,"Miami, FL"
855,"Jacksonville, FL"
856,"Newark, NJ"
857,"Reno, NV"
858,"Albuquerque, NM"
859,"Salt Lake City, UT"
860,"Waltham, MA"
861,"Richmond, VA 23220 (The Fan area)"
862,"Fairfax, VA"
863,"Folsom, CA 95630"
864,"Cincinnati, OH"
865,"Gastonia, NC"
866,"Arlington, VA"
867,"Atlanta, GA"
868,"Grand Rapids, MI"
869,"Bakersfield, CA"
870,"Stone Mountain, GA"
871,"Irving, TX"
872,"Tabor City, NC"
873,"Columbus, OH"
874,"Morrisville, NC 27560"
875,"Raleigh, NC"
876,"Brentwood, TN 37027"
877,"Richardson, TX 75081"
878,"Philadelphia, PA"
879,"Atlanta, GA 30331 (Ben Hill area)"
880,"Denver, CO"
881,"Brookville, OH"
882,"Coppell, TX 75019"
883,"Rancho Cucamonga, CA 91730"
884,"Little Falls, NY"
885,"Arlington, VA"
886,"Seattle, WA"
887,"Gainesville, FL 32607"
888,"Washington, DC"
889,"Morrisville, NC 27560"
890,"Morrisville, NC"
891,"Morrisville, NC"
892,"Austin, TX"
893,"Camp Hill, PA 17089"
894,"Bentonville, AR"
895,"Akron, OH"
896,"Chicago, IL 60601 (Loop area)"
897,"Chicago, IL"
898,"Birmingham, AL 35203"
899,"Elmhurst, IL"
900,"Santa Clara, CA 95054"
901,"Commerce, CA"
902,"Emeryville, CA"
903,"Houston, TX"
904,"Miami, FL"
905,"Chantilly, VA"
906,United States
907,"Austin, TX"
908,"Richmond, VA"
909,"Mobile, AL 36607 (Park Place area)"
910,United States
911,"Cornelius, NC 28031"
912,"Oklahoma City, OK"
913,"Houston, TX 77032"
914,"Seattle, WA"
915,"Washington, DC"
916,"Morrisville, NC"
917,"Richardson, TX"
918,"Iselin, NJ"
919,"Louisville, KY 40223"
920,"King of Prussia, PA 19406"
921,"Richburg, SC"
922,"Bethel, AK"
923,"Chicago, IL"
924,Kentucky
925,"Columbiana, AL"
926,"Hoboken, NJ"
927,"Columbus, GA"
928,"Houston, TX"
929,"Atlanta, GA"
930,"Alexandria, VA 22311 (Alexandria Wrest area)"
931,"Minnetonka, MN 55345"
932,"Albany, NY 12207"
933,"Durham, NC"
934,United States
935,"San Francisco, CA"
936,"Atlanta, GA"
937,"Morrisville, NC"
938,"Farmington Hills, MI"
939,"Charlotte, NC"
940,Puerto Rico
941,"Rockleigh, NJ"
942,"Temple, TX"
943,"San Francisco, CA"
944,"Alpharetta, GA 30005"
945,"Princeton, NJ 08540"
946,"Medina, MN 55340"
947,"Scottsdale, AZ"
948,"New York, NY"
949,"Dallas, TX"
950,"Dallas, TX 75254 (Far North area)"
951,"San Francisco, CA 94104 (Financial District area)"
952,"Dayton, OH"
953,"Jacksonville, FL"
954,"Albany, NY 12210 (Central Avenue area)"
955,"Rosemead, CA 91770"
956,"New York, NY"
957,"Clifton, NJ"
958,"Cambridge, MA"
959,"Bronx, NY"
960,"Las Vegas, NV 89105"
961,"Columbus, OH"
962,"Philadelphia, PA"
963,"Hutchinson, KS 67501"
964,"Charlotte, NC 28277 (Piper Glen Estates area)"
965,"Helena, MT"
966,"Atlanta, GA 30319"
967,"McLean, VA 22102"
968,"Seattle, WA"
969,"Overland Park, KS"
970,"Buffalo, NY"
971,"Raleigh, NC"
972,"Los Angeles, CA"
973,"Dallas, TX"
974,"New York, NY"
975,"Philadelphia, PA 19103 (Belmont area)"
976,"Arlington, VA 22201 (Lyon Village area)"
977,"New York, NY"
978,"Randleman, NC 27317"
979,"Santa Clara, CA"
980,"Union, NJ 07083"
981,"Flushing, NY"
982,"Conshohocken, PA 19428"
983,"Morrisville, NC 27560"
984,"Glenmont, NY 12077"
985,"Bethesda, MD"
986,"Cleveland, OH"
987,"New York, NY 10016 (Gramercy area)"
988,"Gold River, CA 95670"
989,"Hartford, CT"
990,"University Park, PA"
991,"Frisco, TX"
992,"Chandler, AZ"
993,"Nashville, TN"
994,"Philadelphia, PA"
995,"Tallahassee, FL"
996,"Research Triangle Park, NC"
997,"Chantilly, VA"
998,"Fairfax, VA"
999,"Houston, TX"
1000,"Johnston, RI"
1001,"New York, NY 10038 (Financial District area)"
1002,"Philadelphia, PA"
1003,"Pittsburgh, PA 15289 (Central Business District area)"
1004,"Raleigh, NC"
1005,"Richardson, TX"
1006,"Park Ridge, IL 60068"
1007,"Midvale, UT"
1008,"Coraopolis, PA 15108"
1009,"Coraopolis, PA 15108"
1010,"Salina, KS"
1011,"Philadelphia, PA"
1012,"Carlisle, PA"
1013,"Omaha, NE"
1014,"Atlanta, GA"
1015,"Baltimore, MD"
1016,"Chicago, IL"
1017,United States
1018,"Washington, DC 20005 (Logan Circle area)"
1019,"King of Prussia, PA"
1020,"San Jose, CA"
1021,"Seattle, WA"
1022,United States
1023,"Union City, CA 94587"
1024,"Waltham, MA"
1025,"Manhattan, NY"
1026,"Aspen, CO"
1027,"San Francisco, CA"
1028,"Washington, DC"
1029,"Peachtree Corners, GA"
1030,"Charlotte, NC"
1031,"New York, NY 10013 (Tribeca area)"
1032,"Blue Bell, PA"
1033,"Thousand Oaks, CA"
1034,"Sioux Falls, SD"
1035,"Austin, TX"
1036,"Charlotte, NC"
1037,"Staples, MN"
1038,Remote
1039,"Midland, TX"
1040,"Jersey City, NJ"
1041,"Atlanta, GA"
1042,"Providence, RI"
1043,"Washington, DC"
1044,"Milpitas, CA 95035"
1045,"Columbus, OH"
1046,"Auburn Hills, MI"
1047,"Washington, DC"
1048,"Frisco, TX"
1049,"Minneapolis, MN"
1050,"Chicago, IL"
1051,"Oceanport, NJ"
1052,"Atlanta, GA"
1053,Texas
1054,"Tampa, FL"
1055,"Santa Barbara, CA"
1056,"Washington, DC"
1057,"Columbus, OH"
1058,"Knoxville, TN"
1059,"Logan, UT"
1060,"San Francisco, CA"
1061,"Chapel Hill, NC 27517"
1062,"Franklin, TN 37068"
1063,"Little Rock, AR"
1064,"Rockville, MD"
1065,United States
1066,"Boston, MA 02116 (South End area)"
1067,"Sunrise, FL"
1068,"Irvine, CA"
1069,"Durham, NC"
1070,"Scottsdale, AZ"
1071,"Los Angeles, CA"
1072,"Nashville, TN"
1073,"Austin, TX 78746"
1074,"Los Angeles, CA"
1075,"Las Vegas, NV"
1076,"New York, NY 10005 (Financial District area)"
1077,"Needham, MA"
1078,"Madison, WI"
1079,"Williston, VT"
1080,"Mount Laurel, NJ"
1081,"Wallingford, CT"
1082,"Bothell, WA"
1083,"Golden Valley, MN"
1084,"Raleigh, NC"
1085,"Jersey City, NJ"
1086,"Atlanta, GA 30338"
1087,"Elkhart, IN 46516"
1088,"College Park, MD"
1089,"San Francisco, CA"
1090,"Fort Meade, MD"
1091,"New Orleans, LA"
1092,"Salt Lake City, UT 84101 (People's Freeway area)"
1093,"Grand Prairie, TX"
1094,"Louisville, KY 40223"
1095,"Round Lake, IL 60073"
1096,"Los Angeles, CA"
1097,"Pittsburgh, PA 15275"
1098,"Providence, RI"
1099,"Guardian, WV"
1100,"Rockville, MD"
1101,"Dallas, TX 75234"
1102,"Framingham, MA"
1103,"Woodland Hills, CA"
1104,"Mountain View, CA"
1105,"New York, NY"
1106,"Cupertino, CA"
1107,"Atlanta, GA 30339"
1108,"New York, NY"
1109,"Estero, FL"
1110,"Edison, NJ"
1111,"Salt Lake City, UT 84107"
1112,"Foster City, CA"
1113,"Buffalo, NY 14207 (Riverside Park area)"
1114,"Sacramento, CA"
1115,"Greenwood Village, CO"
1116,"Winchester, VA"
1117,"Lewisville, TX 75057"
1118,"Madison, WI"
1119,"New York, NY"
1120,"Albuquerque, NM"
1121,Remote
1122,"New York, NY"
1123,"Seattle, WA"
1124,"North Brunswick, NJ 08902"
1125,"Earth City, MO"
1126,"Charlotte, NC"
1127,"Irvine, CA"
1128,"Newport, KY 41071"
1129,"Murray, UT"
1130,"Orlando, FL 32817"
1131,"Atlanta, GA"
1132,"Boston, MA 02110 (Central area)"
1133,"Chicago, IL"
1134,"New Orleans, LA 70130 (Lower Garden District area)"
1135,"Bloomington, IN"
1136,"Austin, TX 78731"
1137,"Rancho Cordova, CA"
1138,Remote
1139,"Stamford, CT"
1140,"San Francisco, CA"
1141,"Denver, CO"
1142,"Chicago, IL 60611 (Near North Side area)"
1143,"New York, NY"
1144,"McLean, VA 22102"
1145,"Bohemia, NY 11716"
1146,"Astoria, NY 11105"
1147,United States
1148,"Phoenix, AZ"
